0,3916,3086,745,7406,5881,4824,1581,5118,4723,1,2664,7420,1747,7971
1,3614,2456,2925,5031,258,4225,6128,3384,2782,6660,2349,957,2387,3584,141,4099,6091,2238,6299,7091,519,4097
2,6723,7346,5148,1559,7154,4573,4143,956,5079,3,2665,410,7033,7104,6163,7015,1577,7545,1750
3,8231,598,4787,1905,7179,5569,3252,340,1397,6304,3917,3607,8069,6806,7646,6866,7629,4833,6391,4878,3094,4580,682
4,5180,6260,674,3013,863,7372,7593,7338,6142,4480,411,6461,5898,6331,3044,358
5,5414,4298,5742,2231,7768,3790,4894,5690,6535,6073,6725,5960,3054,5291,4488,1046
6,4303,1149,5594,4250,6735,4098,3245,3325,6115,6482,7407,5938
7,590,8267,7321,2625,3936,4912,3344,6180,5073,1756,6690
8,4134,975,5699,3202,1639,1847,864,6102,7139,6326,7863,6743,6753,2165,7897,504,3042
9,958,7246,5556,3930,5605,2679,7695,347,1742,5755,545,1757,1551,7517,1539
10,2778,1553,3477,7452,4814,4916,763,677,8304,5588,8314,6811,4572,5303,5895,3834,4350
11,2550,6006,312,3435,2984,6378,6159,5293,2353,801,5686,5964
12,7218,4312,6162,1425,7892,5700,6548,4990,3997,2009,2107,3080,7183
13,591,1805,6851,18,3121,2466,3630,4497,5276,2108,3018,283,1012
14,5946,3114,7742,8078,6804,1602,614,7113,6434,5756,3573,1399,4629,649,3538,1751,3529
15,3884,2901,2816,1771,3615,5184,2119,3430,5017,6770,6831,5633,2507,4446,102,7385
16,2622,1096,3885,7298,2281,3623,4673,7141,379,4994,5525,7733,2686,7476
17,7706,3666,6967,2917,1617,2233,2423,1265,5141,3401,6076,3356,2762,7968,3162
18,1316,7319,4872,1058,2128,8213,1219,2630,4981,7198,7596,5208,7784,1001
19,5288,1993,6543,8083,6838,3932,7516,1956,685,1378,479,1914,3704,7824
20,1858,3585,3616,8097,1842,2484,6654,6095,7913,7238,3682,6486,4475,4617,6432
21,3215,6794,4163,2030,2783,5415,2129,8062,1206,4701,3933,5097,6891,7743,7862,5508,2508,4606,4351,5075
22,3563,4407,4987,7864,2990,3789,2156,4633,4570,2109,7640,650,7239
23,4261,4861,1557,6488,305,5617,1483,391,423,2247,2062,5538
24,6334,4091,5257,675,999,7215,6999,5725,726,7696,4982,3739,6526,2759,805,1512
25,7325,573,1182,1151,3935,985,2182,4869,7539,2417,7157
26,4138,3216,4054,4211,1430,1582,4891,5701,765,6146,5790,5678,175,221,8009
27,692,963,2993,2468,5226,306,1681,4501,7313,6320,2110,7989,7998,8027
28,8000,158,1168,1439,651,7724,7750,6637,7914
29,3827,6795,2280,3115,839,3017,3371,4218,7944,1579,5357,7512,6628,5748,4607
30,5198,1540,5827,6131,1274,1169,3486,6217,1535,1440,4109,5668,7878,6188
31,550,1347,7956,5212,4575,7302,2130,7201,7192,6300,5448,3660,616,3402,4626,6483,4717,5598,5269,5818,7145,686,5815
32,1872,7224,2198,1776,2547,4702,7150,1406,4336,8142,8147,1596,4798,8283,5510,5449,7442,1022,4938,6379,535
33,2322,4092,6004,2229,2487,1122,4818,2223,7707,4619,4844,2979,7995,511,8,1290,515,4550,5430
34,1777,4164,756,718,4244,3815,3828,393,6220,6177,1004,223,3721
35,3391,1589,8235,1431,950,1156,4193,7708,5607,3415,8140,2825,3569
36,7915,1717,3565,3354,4676,5034,127,4324,2570,5784,1877,6190,4352,350,5888,5132,2251
37,1859,618,4408,1828,7765,1191,2934,4120,2390,2453,4126,5296,428,8159,351,5511,3646,7792
38,2308,875,5271,5627,699,6120,3633,6639,7945,7738,6455,4597,2184,8220,6302,1461,6209,3082
39,1142,7293,1432,6010,2208,3786,6464,1364,2537,733,6489,2509,6141,1499,4598,2632,1415
40,1317,7300,1286,2722,4213,693,7985,1943,3340,7410,3048,4769,5277,5780,352,5297,234,7251
41,8300,6400,1804,6574,2852,4184,3487,6290,4101,1936,4503,6777,6020,4557,4950,3177,2075
42,1235,6830,468,5342,6809,6969,7207,6513,700,7580,5373,6521,542,3277,2026,4436,8295,7941,924,539
43,7546,6715,4977,4735,876,6705,1193,551,3888,3756,5599,4772,6365,2750,1592,6741,4520,106,5891,7006
44,847,6856,1829,5412,877,5022,2296,7540,2352,6625,7200
45,5114,205,560,4725,6862,8189,5908,2510,5077,5799
46,7283,2845,8115,4801,878,3104,7631,1603,2745,1063,1175,8141,1864,7483,3688,3566,1643,33,4011,7063,5691,3241
47,2289,5251,8033,8193,1780,5194,7503,6269,3117,6197,187,3146,736,7965,3315,7769
48,7728,1830,6657,3937,5726,193,1418,6789,3757,647,496,6920
49,6306,746,2560,8198,4719,35,7709,731,3331,404,7117,5500,5389,2260,6040,5910,2534,7518
50,1644,7563,4529,747,670,5370,6981,7329,7504,7424,7657,6927,481,8081
51,1226,621,8237,2866,2290,6963,237,5501,1710,8197,2489,3027,1194,2112,2077,4278,2767,5731,3781,1407,5826,4955
52,4748,5467,1341,2563,5440,5623,4517,7602,472,1679,2141,6881,8135,2063,4659,3707,7780,2689
53,3610,1287,4270,4315,4874,3862,5232,3576,6646,7711,4102,7230,6528,6234,4353,4377,1462
54,2137,5155,7771,5005,6662,2641,1342,2819,662,4562,5901,5841,5493,5135,3165,1753,6985,291
55,1177,3601,7444,4287,2443,4826,2490,2855,5548,979,7522,5734,7054,4327,8124,3952,6054,6642,2693,6524
56,8029,3024,5187,5254,2593,7521,7451,7146,5233,7853,6733,6902,7899,1754,7888
57,5663,1555,4253,5664,5702,3208,407,3857,5661,3323,4576,5657,5136,8204
58,568,5261,3791,3206,443,1352,2437,4720,2776,4166,2491,5591,6059,2142,3850,387,6490,4405,1387,1660
59,7394,7603,7390,7253,1727,1973,3061,1089,3743,61,2673,2996,2297,2103,188,2950,4984
60,6266,207,5580,6564,7807,7216,1594,1463,7038,5970,3858
61,308,4262,5952,5350,3497,2492,6069,5631,5400,7434,7426,4985,2751,2944,107,8308
62,2212,5391,5637,850,4694,8209,8066,1123,2657,1844,3939,653,3597,5864,8212,2793,3881,3982,4793
63,7638,6661,5434,773,3910,4413,3796,1818,954,7221,6905,5464,4568,292,6072
64,3387,8056,2444,8185,4076,663,2311,380,6168,2144,5322,4355,7676,69,269
65,3508,3770,3809,5364,3911,3783,7474,3692,6922,7833,3021,828,6171,1897,7011,4309,2690
66,1731,2937,7497,53,1202,1680,1250,6719
67,3233,1306,142,4041,884,2846,6990,1580,2328,5573,2426,5703,6916,8266,7606,3645,7217,483,2493,4499
68,5393,8257,3380,2462,5903,7834,4077,3745,3100,4478,645,5058,3149,6840,7700,7330,3293
69,1094,2626,4683,1738,1335,6554,1744,4560,1689,6307,6034,6695,4737
70,5352,6105,7855,3443,4186,1683,8301,5961,7975,4540,7165,6389,7278
71,3611,3810,4537,1627,1303,2370,981,1124,4135,149,5845,4427,4803,4952,86
72,8085,1307,5176,2036,5704,4754,7365,1392,1110,1373,1798,3169,3984,7109,2427,5515,1011,1258
73,776,1542,600,7808,3618,6393,5235,2472,3636,7102,2627,1523,5658,2265,7835,6303,817
74,1420,6495,5582,6784,5167,5019,4752,2617,4058,1524,3207,1501,2199,398,4620,8143
75,8238,2473,4565,2057,5007,2291,6812,7164,2152,228,3456,3568
76,5237,7508,4198,6392,4292,859,1606,7909,3655,1464,2261,6954,172,3894,934
77,150,6912,741,6114,2147,4566,818,6565,5109,3722,229,2869,1760,2016,935,2399
78,4691,3619,6878,3506,1585,3096,5853,4600
79,151,8190,6569,2656,3318,3157,2150,2174,3079,6048
80,996,1803,6712,3234,5978,2058,3494,8075,317,2085,7455,5795,448,3272,7511,112,4963
81,1630,6545,7002,7730,5038,3747,665,3427,3839,7110,6065,3186,5530,6766,8169,5758,2266,6955,1917
82,7144,5450,561,2224,969,5648,6615,7900,2897,2360
83,4947,8224,4653,4883,7311,7704,4124,3526,3520,7552,2178,529,408
84,1284,7096,7445,3342,3026,6558,7055,5779,8163,4152,3521,8005,1761,1739
85,1815,5355,678,4043,8171,8067,7267,4835,3549,1197,2809,2248,4521,135,7901,2662,513,4153,6923,5516
86,8150,4349,165,4473,8309,8096,1635,2545,3239,7204,2913,4019,6886,4236,1621,7609,7317,2279,2411,1245,720,646
87,605,8094,1543,2813,2784,7457,2049,8306,4200,6616,2956,3664,1510
88,3922,786,3305,2400,624,2292,1272,4155,8256,7635,3320,3533,3679,7849,5323,1504,4020,1516,7628,5402
89,1631,8161,793,1549,7413,6602,7235,386,5811,3702,4817,7697
90,1021,48,6035,8018,3957,3442,5942,3522,136,3155,299,771,4569,5645,4614,1294,5990
91,2541,324,8194,7510,2564,7488,6187,6537,7111,6698,1908,3851,5057,6487
92,6356,1052,7925,5395,4249,7051,2589,5847,7430,3066,1870,8298,1015,8275,3534
93,4044,4749,1163,8203,3942,7736,7868,3484,3425,1127,7798,4466,7127,4542,6025,1765
94,449,4804,6964,636,705,5095,6563,7404,2094,6238,6278,5436,8182,5775,6097,6364
95,607,1172,6498,8099,7783,4655,6127,6522,1671
96,5263,3762,4264,4743,1204,1841,2548,5087,3524,6394,3355,4452,470,3535,3673,7190,6408,5776
97,3580,1027,8195,213,2463,4295,7858,7041,6009,7651,384,1389,5904,6193,64,7119,4221
98,2595,743,3718,6457,5072,7304,3213,3361,6022,4316,5281,1137,3866,3525,5104,7336,3785,1558,3685,1537,5424,687
99,6496,7447,8054,1185,4879,3152,5750,4587
100,4258,6670,8045,5273,7636,1940,3867,7160,1104,3853,5695,1293,7663,3730,6567,3652,3723
101,4245,5331,65,8100,4063,6471,6282,366,895,1793,3872,5201,5892,8249,4603,3280,7337,6279,6610,1763,4850
102,3826,595,4936,1728,5596,1186,3458,3944,6101,3507,5744,1690,6781,3675,3993,4341,1655
103,5266,4921,8031,4064,2549,6640,2023,2377,6286,1698,2940
104,1234,4301,5439,5309,637,4000,1941,7097,2647,6099,4065,4774,3709,7978,4959,8090,5773,5812,7667
105,882,5116,885,3496,3804,556,1898,1895,6149,8323,1987,7572,2546,2343,5981,1016,1567,2446,1336,6991,588,7021,3725,1740,538
106,4731,4668,5060,2126,335,2772,3695,3014,5741,2018,5747,5137,4344,3366,5805,2373
107,5000,5014,4162,1619,3755,5540,2608,4127,1876,6079,6207,1457,6258,3413,6785,1401,2682
108,24,6373,4669,1260,865,1346,2236,5962,3068,2267,5396
109,2477,7356,5397,2714,1056,897,7162,4759,5856,1809,5333,471,5138,4494,6703,2166,5028,7461,7618
110,2441,5765,4078,7755,4321,7477,3681,7098,7624,3843,168,5129,5054,1118,7003,4357,4853,7979,5583
111,8162,3598,1083,450,4048,3375,611,1072,2986,6858,8286,356,7288,6720,7231,421,7470,4957,2148
112,597,2922,1229,66,3411,4554,2307,7099,6361,3959,1795,2931,6675,711,7964,5992,3703,7840,8003,3547,6406,1705,3461,57,2676,7405,4976,4445
113,6248,5411,4294,7310,3153,643,2663,6629,4988,3159,376
114,2201,4176,853,3445,5089,3696,2406,4930,4022,5993,1894,7471,6236,5859,97
115,2998,2553,6421,6357,5147,2889,577,7185,6348,7514,3001,474,439,4467,5524,2821,7350,2038
116,8036,181,695,7203,7491,4544,1408,1375,7757,759,1135,5325,7860,6739,7191,220,7257,1281,5831,1039,5302,357
117,4247,2197,7674,232,1050,6263,2885,2221,5921,5806,1449,5862,1173,3626,7485,1867,6847,3038,5857,371,1458
118,2604,5549,1327,2883,2983,3599,2739,1856,7515,6452,644,4973,6765,5406,1538
119,200,751,2716,3471,2127,772,8259,6512,3459,2565,1434,5315,5532,6949,7814,4317,8077,1376,8125,3317
120,5953,6998,4306,4088,5867,4179,8060,6388,7492,5474,3965,7343,5782,7919,6693,3995,8117,3642
121,6336,1210,6272,6930,2717,6409,946,5020,2923,3622,2968,2479,1597,1450,2019,6287,6793
122,2623,8051,1545,6274,2523,2991,6030,1238,3244,4106,251,5644,5798
123,1436,3348,6288,7295,7717,7399,4628,3946,5615,1991,7871,7018,2792,6918
124,4302,7381,3499,2718,4380,4708,6405,4358,4993,4911,7841
125,7254,1810,3775,2206,3235,5245,2789,5562,1106,3263,1930,3210,5166,1054,5486,2253,7400,171,4780
126,2815,4079,2054,948,3031,984,5589,5968,3322,4630,5666,6325,8265,2367,5568,8208
127,2202,3451,4129,2635,6860,701,7494,6176,3072,7059,5209,5813,5814,6731
128,854,3231,3211,2911,2874,441,3882,3223,4645,5973,1257,4519,5140,2747,4974,100,1713,6440,1598,5950
129,1324,4025,5335,7659,1312,6550,970,2302,955,3558,3974,282,5289,990,6584,4190,1861,7848,485,5959,1649,6038,6604
130,2727,845,974,2915,4419,6966,6396,1786,3015,6769,1748,5336,3489,5933,2350,2070,3735
131,38,5874,1325,3502,6134,2396,6612,346,2034,5210,7680,5684,2970,7194,425,5682
132,2239,4716,6002,5833,612,7058,3140,320,2949,5875,5519,7922
133,753,5565,1969,5579,3259,1262,3608,5445,589,7865,6317,2339,478,5654,4052
134,5432,39,1358,155,4943,1232,5374,5220,7070,6150,7594,1769,1533,71,4863,6907,2683
135,836,7726,782,3460,2226,2704,7147,8202,2425,7071,1569,5324,7269,402,3512,6158,1114,7820,5122,1417
136,7933,7421,5299,7653,6578,7086,6293,1152,322,2157,260,4457,4,3847,4111,6305,3670,6908,6083,5479
137,1623,3109,2559,4420,5080,5292,7339,8219,7314,2060,7912,8320,6595
138,883,1084,8251,995,3224,980,575,41,115,6133,6,1410,1882,7403
139,1212,1120,3421,7187,432,6909,493
140,4732,2232,3823,3472,714,1857,4632,7955,1692,3311,1469,6412,5774
141,604,5354,4595,7322,6768,4335,7576,6664,1482,6962,1951,7205,2660,1668,5182,7727
142,8034,3824,5016,4760,5337,2948,7197,1037,1390,3870,6979,6848,3284,4871,6684,2574,4421,6428,2798,5792,1385
143,1774,6435,6012,1811,2916,2429,2850,5447,7374,5606,3264,4830,2256,6624,2241
144,5458,1315,5317,7340,1772,3504,1218,6441,2312,6579,263,5557,403,4594,1909,5995,5338,7731,3312,2115
145,4260,7408,204,3122,3219,703,7831,3530,3414,476,4359,7876,3961,8112,2061,6328,2011,2250
146,4188,1995,1302,4304,2433,6775,6980,424,4548,1693,6682,2827,1752,7906
147,6398,7244,32,454,2818,4647,77,1240,2808,3977,3737,922,1651
148,903,8274,1339,4767,2337,6477,1854,2828,4481,1669,5884,5123,5762,4500
149,2902,2658,4277,7093,5837,7935,7440,2305,7720,4030,4090,125,5052,3287,2946,2516,4234,8173,4465,5204
150,2228,7598,2992,5032,3668,1610,8285,2829,488,8299,6691,6678,6201
151,5172,5242,5385,6644,5705,1136,1200,6039,7639,5498,547,7172,487,5793,7528,660,1459,4842,7170
152,4684,3431,1614,3514,1591,6088,1519,5807,5491,6636
153,5822,5033,2579,4937,3220,2892,6028,6216,6478,1018,738,7785,4476
154,1775,7335,6399,3808,755,3134,4527,1059,5294,2972,3142,8268,739,6473,6250,6704,5966
155,1025,4360,962,1353,4583,4788,3436,6135,8276,4901,6884,7877,4574,2744,1452,2746,4585,510,4108,3593
156,7158,2908,7341,7060,414,5808,7936,7323,7000,2803,80,7698
157,4081,4361,2436,4768,3302,4782,5478,3258,856,6109,873,5809,4596,5160,5264,267,5207,7443,4685,4528,6136,370,6251,1003
158,7714,4362,2486,3577,8234,2469,1970,392,5420,7357,6032,176,7894,2355,1404
159,2430,5698,6277,2939,7579,2706,5838,7764,6744,4033,4443,6442,5062,2386,4459,6926,5295,222,8114,6078
160,1326,6989,7851,8277,3556,1055,1079,5706,3174,105,7531,6808,2580,4880,4192,7351,3403,3056,6919,6096,1026,1641,907,1065,7142,4975
161,5161,1166,5403,2455,208,447,3276,4639,3517,5656,2644,3113
162,1165,3836,7856,2341,1091,2586,8148,4074,7650,1931,3144,3130,1889,7822,3979,6147,3313,349,427,6340
163,7804,5063,6799,6750,5707,2893,4403,7786,1254,5205,9,4586,8013,5974
164,4274,2052,2773,2887,1637,1062,42,6515,5088,239,7084,3661,6081,3175,3156
165,4435,4635,8080,3036,5526,6233,2431,564,1070,2765,2025,4775,456,489,5930,6745,1508,1746,360,4799
166,5433,58,3594,3423,6285,5094,2379,1465,5121
167,6011,1217,7159,1215,2432,1288,6413,1318,271,5214,6191,3058,6630,5975,4551
168,6960,3029,4246,4337,1694,2035,415,405,1534,4611,6941,7057,4792,3176
169,3438,5416,6265,6553,451,5191,5003,7301,5635,1441,3574
170,4082,5708,5387,4130,7289,4530,6509,1370,5870,7984,6322,6123,6668,6164,1575,7116
171,2435,6451,7226,2204,1424,1812,5197,6103,6281,5314,286,6826,4196,2853,4191,5730,4235,160,3705,7272,5265,6355,3376,2358,7532,5816
172,8313,3829,8296,5211,177,8321,4204,5230,3648,2480,7777,652,185,7805,3482,7482,7825,7705,3116,4663,929
173,3949,7931,4649,2591,7920,5628,4513,8186,2655,76,3404,401,4800,2408,4935
174,2211,2461,7937,7496,7153,6359,6369,4035,3963,6225,8134,186
175,1547,4815,879,4319,8065,2306,3143,3351,4036,68,930,2942
176,6556,2881,5825,3784,1618,7484,5388,2562,4338,4240,7074,6337,7562,7793,5909,2076,7887,2669
177,4055,7037,635,2040,3473,5272,3889,7582,4453,2397,7986,1952,8093,4038,8010,6601,7890,2953
178,5670,7327,6837,7703,694,4013,6416,289,3145,3649,7693,1007,3053,7779,8269
179,4802,6264,704,1719,3246,3515,7548,7549,3678,7389,1442,6332,6089,5081,290,8120
180,8035,1208,3531,6450,4228,1891,7360,5231,1195,43,4843,2723,6645,6638,5463,8020,8247,2046,3205,3204,6540,2316,5301,1008
181,4364,7815,5153,60,3327,5609,6436,2134,2346,2340,2943,7921,3873,4354,8021,2999,4734,6016,7184,6463,1846,6198
182,1832,3938,7234,4112,162,7107,7647,5739,1382
183,5376,967,2334,3374,3179,6427,7953,3000,4941,15,5651,5976,6911,3336
184,785,3560,5145,5390,3715,5348,196,1960,6056,457,6205,2078,72,1484,2139,2512,5842
185,6296,2335,7710,749,7328,7425,7143,540,6121,4482,4881,3338,2833,3980,912
186,459,1343,3813,5980,30,8317,1736,3840,7652,2672,6381,7772,2014,1653,6952,6658,6417
187,622,3583,3604,1976,44,6117,6756,8305,307,6125,525,272,5999,2169,5320,3265,1178,2820,3291,5757
188,1711,2811,3191,7583,2857,1179,574,1443,1971,1953,3406,268,7917,3292,2067
189,5988,2988,2918,1131,6342,2645,2048,3217,1886,118
190,4365,7604,7666,2191,3691,5321,3874,1667,8149,2193,6080,4483,227,6874,4547,361
191,7270,6229,717,5304,4288,1289,3516,6534,8109,6021,1912,3009,1297,2952
192,6797,2540,4040,4917,707,1481,1682,7363,1485,1928,3510,5051
193,146,1320,5351,762,664,5025,2347,315,4836,5924,3269,654,5465,5696,3148,1561,5457
194,2710,62,3003,4559,7016,3345,2781,5377,7309,5563,6064,6044,507,7551,3744,3729,5103,5638,7318,7605,4159,829,7762,6210,2100,1511
195,1949,7386,8273,4122,1629,2896,1604,8200,4563,808,6724,6165,3609,6686,8030
196,964,4518,989,757,1220,1098,5221,858,3255,4073,8180,4686,7506,2323,2514,6609,7790,5037
197,8222,1620,1802,6863,6791,8048,8070,6933,466,1723,5544,4672,4504,5125,5026,362,3448
198,5012,1982,7453,4677,3105,1115,3182,2015,4216,1132,8282,1634,7124,6841,5618,7607,4739,4404,7507,2695,1663,6375
199,6977,768,3503,5912,5262,8205,6598,5828,7076,563,968,133,4958,5468,235,6051,4599,4612,2117
200,2629,886,3455,1782,2081,4263,6312,2405,4561,109,5869,933
201,1645,8086,4167,3606,1214,1862,7173,1611,3260,8223,1365,110,1759,4652,1514,3700,6178,5438,5913,6212
202,3771,1321,8156,3063,7131,8016,7077,1814,1984,5431,851,6261,7264,4740,5236,2359,2420,6995,3150,6882,1590,4541,1646,354,7748
203,4366,4272,2868,4571,5640,8132,255,7498,7078,5709,1813,47,4741,4411,1509,6245,2858,6613,2955,7567,7376,1362,1009
204,2594,1985,4919,209,5977,2037,4117,3274,831,1925,3999,5810,1883,4230
205,2474,7608,982,8318,576,4168,3518,2032,6371,5100,512,937,6230,7465
206,6688,3811,17,2318,5610,3693,4254,4169,3954,6143,1388,6707,4522,1939,497,6199,3418
207,4061,2963,3838,6814,344,939,4920,6868,5529,7001,4449,7836
208,4328,2299,893,1216,4171,3638,6987,5451,5101,6917,2278,2286,2118,7274,3613,3158,2620,6094,6344
209,2569,7924,2935,1047,4182,194,1184,1564,5409,2796,938,7942,2590,1030,285,1034
210,3716,6853,3639,983,6815,173,3519,5149,5454,1243,8210,8104,581,567,5042,4838,6792,6390,5935,2674,8252,374
211,4329,1041,2584,7333,1045,5008,8037,7591,63,5697,8160
212,2965,6497,3588,2771,7587,6453,1696,7963,4103,655,498,1873,4448,6480,8240,6956,2384
213,3905,601,3924,8218,2945,6539,2309,6846,4069,3898,7759,7773,2159,582,3589,4219,5752,8330,2976,7081,1848,2899,7568,4072,375
214,458,6854,452,8290,3532,3654,5760,3349,20,7619,1503,6224,5687,1230,385,6577,3464,843,7212,1749,4859,1515
215,2298,679,7393,6335,2059,3753,1725,3877,3004,6928,7569,3283,8111,2133
216,6592,606,4305,7938,4242,2841,5641,3555,2786,2033,1251,2245,8241,4889,3955,7623,3701,5595,3201,7088,36,5632,5307,684,680,729
217,3665,3128,5013,7315,8023,6924,2775,3005,7138,1526,7082,4505,8328,6929,6717,4373,4201,5863
218,6470,152,6972,3378,465,2760,5119,6757,1126,6982,7103,4589,3047,721,2102,7976,6024,2794,6155
219,6833,3397,2884,4087,4511,2572,330,377,4680,6864,3057,166,3551,3733,500,3419
220,2734,1266,3321,3656,7797,6576,6511,5455,5372,2936,4330,3359,5653,3051,1994,2319,7449,5244,1840,3468,6372
221,784,6474,6085,5199,5943,4095,6947,4822,4758,8152,5710,5344,1304,4865,916,1296,5848,3316
222,5010,3906,21,4417,4320,571,3943,3373,4896,240,5049,3334,4543,6518
223,1199,1158,2498,5586,4132,4173,3570,8183,5880,5674,400,3328,138,2362,3228
224,1550,2817,8292,5248,1144,7031,6499,7065,3694,4899,537,5855,4506,70,1762,6068,4995
225,6876,5435,6206,1505,7884,5380,4839,5067,3171,4174,7379,7446,5443,2080,4524,4291,6429,4992,2372,7525,1384,6376
226,2861,1237,6491,1082,4908,8157,5625,4414,2900,5694,1032,6683,4062
227,4045,894,4828,4172,1792,4003,2086,2294,2003,5469,4794,2263,1755,7910,5050,5849,5437
228,1421,6200,2905,4807,6666,3719,6506,6291,6560,3841,473,3708,1476,7555,3065,3672,2685,5496,5683
229,1632,3913,4925,4525,1826,6570,5286,5200,7468,7433,6608,917,7132
230,215,7612,1067,672,7459,6914,6029,8128,5945,918,4470,4202,1675,1528,7013,5777,7842
231,627,4266,334,273,4105,6382,5503,2320,345,1252,420,3081,2871,639,4440,5736,4447,2835,5181,4979,5601,681
232,1221,2454,7838,5456,8158,1835,1583,6761,919,1522,1672,610,7020,7355,5732,2836,6481,3880,6699,1471,2675,4851,1478,1413,4954
233,2225,667,3492,7112,2194,4579,250,5541,3792,7418,1259,585,583,6859,93,1042,900,3012,54,2412,6316
234,2274,6937,5567,3900,1978,5310,5745,8038,4744,3306,1685,2519,5574,1498,5472,4960
235,2865,455,6708,5768,5505,6519,3511,5688,2175,7557,5287,7046,1950,5126,4233,5217,31,7258,4623,7760,7463,2790
236,2051,2872,1338,992,2910,1356,7686,4909,6869,3409,1571,4852
237,1043,153,5417,4695,5547,1546,1334,1615,2087,4745,710,5555,2091,2982,167,4962,5218
238,3474,2088,8007,6663,3420,4523,3020,275,3307,3969,2162
239,1305,318,2779,218,1228,4479,276,7114,3069,7320,971,4007,7416,548,3994,6366,445,6883,6855,5484,3282,3844
240,7303,6420,5542,1154,7787,5142,987,4368,2021,7644,4203,2246,1767,2195
241,744,1222,2715,4618,4455,5413,5093,3308,96,6681,1291,2812,8287,7946,7049,6485,5428,5613,4910,6070,1002
242,558,4267,2196,1929,1904,5497,7571,3450,6104,2220,7775,5905,584,898,6588,8129,8260,55,6501,4485,532
243,6583,6594,7811,1328,6904,5766,7133,231,3278,7537,2502,201,6676,6865,3727,1676,1609,4931,3428,5189,3030
244,3602,3230,6786,5280,6271,1823,3971,7245,8329,5085,5139,1656,6620
245,4812,7130,2504,3369,1706,5947,2646,1261,6292,2237,7023,1944,3335,3309,6692,2364,1532
246,972,3225,6839,1329,8293,2478,4512,2538,389,1657
247,1833,6819,5426,1282,3242,2448,5039,4178,7981,3400,3299,3085,7776,4477,4189,4206,2457,2039,6944
248,3488,3914,4624,2336,6832,3251,1827,3793,673,1366,6959,5927,2392,7737,3728,4854,3139,2807,7307
249,5267,4389,154,5671,8227,303,4369,8172,1355,8151,4224,4208,7961,6532,5746,2374,6696,5219
250,3923,5055,139,7713,3383,6641,4670,6324,6062,501,4333,6098,1435,8122,4118,5407,1552,3686,6358,3684,7997,2797
251,7994,4829,3343,5365,6063,4671,6701,6145,509,5047,4786,5485,6360,6714,2805
252,7643,5366,1729,7889,337,7275,50,7100,3405,3407,4493,4370
253,1160,2906,6431,2557,5737,4966,7543
254,6402,2606,4177,1311,7614,6992,4347,7670,1119,3996,1395,8137,3731
255,2814,8068,6367,1155,4343,676,8072,2576,2890,2741,730,2678,280,1036,4640,5041
256,8046,4248,1714,6280,2284,2573,2310,7625,6384,2393,3132,6240,4867
257,4771,2598,1088,6721,1875,7575,657,6327,2407,7770,4989,4860,4252,5518,4468,5534,7004,6294,2106,2006,7721,7725
258,8073,7592,6906,7678,4432,7382,4926,5316,3697,658,2912,202,2602,1270,8061,486,5127,6679,6289,7069,3141,2577,3226,3687,2028
259,6820,5593,5931,7090,1820,3975,3537,3268,2351,683
260,3628,2113,3553,6585,7297,2558,4089,3478,2971,5604,4442,7788,6087,7014,2517,7816
261,4334,1357,5887,3848,2748,4345,7134,3300
262,2802,6749,3160,3301,2024,6516,1659,4968,1359,6718,7847,4545,6861,1068,5429,7213,7312,1241,6215,7526,6031,7891
263,4273,6345,7692,1996,8232,5169,1337,156,7291,3370,3007,7558,169,5158,475,2749,7660,7308,2116,4625
264,4873,1078,1852,2891,6813,4841,5740,6899,4631,6386,2684,2879,8236
265,1211,1704,4409,3513,4674,7140,4996,7105,5488,5685,7250,800,7905,1000
266,1128,4761,1314,7874,2611,1801,2522,6175,3253,1737,2381,7505,8050,689,2031,1379,2499,1913,2694,5861
267,3592,4280,6542,7292,1919,261,7437,4578,4371,7010,426
268,7092,3332,4664,3931,5190,867,1918,6368,546,6672,7383,7005
269,3759,2631,1264,8119,6726,6607,7830,7384,8322,7261,2483,368,348,7,2705,2122,4356,1992,6790,5446,531
270,8233,3491,5667,6898,4028,5130,690,7268,4699,1586,7373,5783,2072,4498,7928,4372,2974,5183,4053,1556,5223,4661,4997,7527,2697,6319
271,5834,3019,3777,8055,1624,2227,5179,6346,3102,8028,3855,7538,412,3035,6805,4796,6618,2680,7967,7121
272,868,1167,4711,2938,1271,838,1150,3008,7875,4451,2395,7034,4492,6027,802,4616,284,3199,3161
273,2551,1427,3453,6988,304,4005,5224,7237,7559,6476,803,1400,1381,2941
274,5113,6514,7175,8130,6945,4700,4783,3571,5929,7047,7821,4546,4733,6013,5835,5427,4646,4136,5851,7893,804
275,6538,6975,5626,463,3389,2155,2170,6533,3154,2973,3138,1108,233
276,959,2467,7299,5193,1113,8138,3659,4991,3286,7749
277,855,3600,2907,2458,580,1051,8311,2933,1438,6634,5225,5460,8289,341,7072,4638,3055,7387,5597,1024
278,593,4281,4210,7577,1429,7214,4068,2529,2044,6112,615,7223,4226,7850,3720,5558
279,7324,2621,7148,7578,3807,2285,3918,6139,1102,7763,6727,3087,1915,5965,6776
280,6825,7617,2055,697,1189,4390,1273,2842,5419,4422,7789,174,4374,6166
281,2742,2338,1190,8177,6507,2313,5106,1578,4900,3978,1402,4855,3643,4965
282,6751,2960,3752,3347,6505,1473,6140,5885,3095
283,904,2210,143,1715,6520,7441,8102,789,871,3479,6849,7791,2926,6873
284,586,1174,4318,6694,4322,5227,5886,6939,549,821,2275,8288,3046
285,2542,997,794,265,1773,6151,3232,4269,7581,2485,7259,7101,4862,8106,1474,5509,1652,4791,6680
286,4944,6544,906,6551,5260,2851,6462,6254,192,7478,2743,2958,5733,3890,3631,4658,2830
287,587,3582,6596,2624,6590,29,4425,3915,722,5536,7229,1396,8146,5559,1368,7241
288,1700,2880,3564,8039,3126,5711,4757,323,1372,2007,3289,3760,5056,2356,7907
289,775,4217,8101,6430,5021,7247,51,617,2269,5584,3168,6157,91,6700,7392,7438,1958,2013
290,3578,4367,8199,792,7682,908,5084,6559,3919,3732,5499,1244,5552,2533,8136,4375,3120,7973,1103
291,5173,3476,6508,2342,6415,5543,4819,840,3372,6479,2389,6597,3991
292,2045,8064,7115,7813,2707,5196,2424,3505,7271,7429,6321,4502,4376,2357,2668,6218
293,3545,1633,1146,1541,4412,536,1517,3734,492
294,2552,5228,159,6110,766,4140,6950,3075,6253,6362
295,2470,5151,1605,5178,3947,5520,6746,4764,119,5647,6649,4383,6042,3185,1253,343,7193,1013,3812,4736,3203,3441,52,2754
296,4009,1849,2638,2471,1964,1192,4141,6268,5461,5634,3586,4608,8312,4148
297,4214,5823,8188,6267,3768,4903,1718,565,4515,7957,7983,7284,2090,184,6951,85,1574
298,5298,6984,4456,5408,2098,3385,5948,4142,543,365,4195,4932,6673,7359,6484,4648,1843,5247,7600,7520,431
299,619,7106,3928,442,1157,3424,3357,7481,1019,6736,6900,7896,3043,8098,6619,3634,4961,5452
300,5319,1121,5987,2729,6931,5602,4346,6082,1878,7886
301,795,2276,7036,2207,2895,2628,3559,552,4868,7263,4636,3076,7024,5071,1109
302,10,3393,6669,3552,1638,7601,2688
303,5186,6404,2561,4665,2980,5622,1962,8139,6152,4514,4627,4967,1903,4864,7136
304,2568,3780,3561,1233,4001,5636,5369,6732,34,288,88,6074,4037,523,6857,6562,6546
305,4056,2737,594,8178,1998,1838,4325,5983,226,6129,4406
306,4093,8107,1020,3548,6993,3049,5922,932,1959
307,2731,3713,3925,2653,4895,6842,4762,2093,3290,4286,5629,7632,7412,2369,8040,3481,8049,3742,4039,1910,1938,7122,6796,5249,4014,2068,4978,723
308,2345,4083,5174,3714,3690,4698,5035,2995,4015,4016,3416,7641,4946,243,4834,6494,6204,5480
309,7256,5560,4145,716,1758,986,5712,7916,8279,3077,7228,7722,911,5107
310,8084,144,5347,2521,2216,5673,5421,4146,1821,2494,5514,6124,7627,130,7794,3190,506,2832
311,2600,6407,4131,761,5630,4887,244,6067,6333,2419,2371,6329
312,1788,6778,2732,5065,5494,6762,1720,3966,5146,3964,5794,3166,5502
313,6568,2867,5969,7739,3060,5843,4558,7987,3167,6219,2513
314,2047,6880,3587,3147,1203,3363,5819,73,4588,2699,1866,6228
315,5115,1839,3909,6943,4472,3236,7362,4726,1409,3124,4983,7988,7550,6244,913,6687,145,5154,6915,5108,1040,7149,6313
316,7294,6418,4154,1093,3364,1351,3446,3022,6643,6600,5036,6066,541,89,5600,394,7880,6037
317,3467,2607,8082,3447,5713,2192,6137,7044,724,246,6976,4773,3410,6529,648,5916,2252,7513
318,6343,1921,1319,5902,132,2027,224
319,2989,12,3108,5537,8047,7171,45,4017,3440,99,526,353,7533,252,3540,6728,6275,7487
320,4057,4084,1433,6659,7211,2609,1276,6283,2404,7486,7534,5897,4149,7747,2158,7242
321,4388,7715,4918,7075,1308,4256,4378,5844,8324,825,90,7123,6377
322,13,7766,4712,4897,4379,3434,1028,2145,2382,4651,1247,253,1662
323,6606,7541,5466,4185,2599,553,396,6530,254,4923,6555,5234,7276,8058,5996,264,4682,7566,3395,1709,4753,6798,5422,6330,5972,2101,2064,7464
324,1712,8079,5164,3541,3542,3818,1201,5378,661,6504,8327,7854,4564,2376,4738,8011,5329
325,569,3819,5955,4275,1080,7817,3662,5157,7949,4484,108,4591,4139,6425,101,7012,433,6706
326,830,2445,2763,2536,4339,3635,2495,767,1153,8258,6903,5871,397,7818,2752,1562,1010,4461
327,5006,2460,4096,1081,5091,7364,3740,7030,1445,7233,6877,6875,7911,2243
328,2616,3546,7712,4728,6106,7166,6772,5693,7151,6308,1411,931,5680,6119
329,11,4300,14,7087,3509,5829,5152,6940,1454,3062,7039,3893,3304,5639,6827,1879
330,5259,2271,6852,1048,3178,238,2877,434,6092,6256,7195
331,6818,1301,3663,3118,6747,4832,4763,2588,4592,3090,6885,2177,6122,1277,4970,6665,2149,4085
332,5099,6347,16,570,6475,3864,1525,527,7366,6057,4593,163
333,1278,4313,6350,210,5282,2002,8017,7125,2402,5781,296,5917,295
334,3772,4151,2132,6572,6589,5305,5714,4823,1332,8071,8315,5066,8280,4469,3896,5441
335,6780,2475,3554,4170,1170,1060,2324,4293,5796,809,914,6338
336,7219,2438,5165,6510,2847,5624,6023,5786,6892,3671,7996,7414,2262,6627,1563,7353,4972,7781
337,7332,7466,3396,19,888,4255,5143,7248,436,1444,5128,164,6093,7118,7089,4779
338,832,2720,833,1049,7844,4257,6760,7669,7827,5979,6879,5082,3294,4610,1412,5911,3010,4231,7752
339,2205,5425,2083,1791,8144,3110,8206,1684,2661,8264,6729,4790,4553,2959
340,6424,7716,3501,3016,4907,3651,4471,5896,2244,4845,5545,3992
341,7648,696,4199,1850,2230,889,4059,247,1480,1496,3123,1292,6419,4613,5772,2951,2105
342,890,5611,2368,3629,5274,3480,4381,2153,1180,2452,7687,3248,4125,113,530,7029,2571,7061,248
343,2465,3667,6469,5177,6007,1171,2476,6828,5531,1808,1014,3151,915,2388,6946
344,7501,7347,7809,4308,4884,2287,8291,1446,7509,3187,6605,8245,2391,3408,6711,2065,7642,659
345,5830,6822,2135,6697,4816,1834,4713,4382,3956,1607,6444,6018,7857,8297,1497,1868,1665,249
346,1986,2439,8131,211,4212,5326,671,4821,270,499,7872,4858,7126,7846,7135,5789
347,1227,3590,3523,3032,5735,5522,7499,3088,1360,6737,6052,2712,1881,3279
348,7803,2981,1309,2497,1181,5873,3262,1487,7458,6235,7974,8089,6231,4971,7753,7349
349,1322,7882,5553,6541,6961,7188,6144,1267,4489,2428,3967,4104,1117,2140,6632,7782,4474,2795
350,881,3901,8211,137,1926,8126,6086,3164,5642,49,7610,7367,1299,326,1565,7290,2876,3832,7026,6935,6843,1600,1975,1536
351,2543,844,5379,625,2592,2713,2920,5936,7378,5059,8174,8053
352,2587,4156,22,6774,3181,3495,8076,608,6439,1648,1899,8261,4643,5102,5620,7883,4847,502,5279,3097
353,1323,2440,1703,6965,4265,5150,332,6446,8262,4433,5803,1031,5858,4232,5998,6449
354,7243,2634,8242,2788,4384,6161,75,7828,1927,388,5866,7673,3050
355,5239,3465,3449,603,7456,6674,6226,1374,4795,6626,1033
356,3878,2596,2862,5470,6896,1900,5761,4705,23,4948,1133,5944,2859,300,2700,4243,1955,5554,6671,6913,1887,6173,2575,5918
357,3879,7701,2921,7066,7279,2969,5330,1507,3329,4846,3641,3640
358,1608,2736,6005,1965,7083,4688,7637,3184,355,3842,5471,5899,5893,3987,5804
359,216,6936,5362,1148,4385,1963,6222,6800,6549,7926,8243,6458,5715
360,596,3803,6454,1488,7178,640,3365,5738,1159,4276,6829,6996,5751,1495,5539,6713,5956,7992,2069,6214,4809,7542,7460
361,217,2273,3250,5958,5023,942,8214,5444,2095,5778,7395,274,1518,8105,8271,5045,823,1880
362,1087,2967,7396,2780,5381,2464,4454,461,4046,4507,1455,1456,8310,1530,7489,2010,1901
363,7570,8254,1836,2447,602,5982,6001,2566,4657,259,3339,94
364,4706,7397,7859,3710,5069,5311,779,7613,5332,5,5791,5506,5850,7182,484,5517
365,8170,4692,3382,8226,7810,1942,8284,943,2619,8153,8307,4251,3137,4567,6107,923,8201
366,3197,1948,960,1640,5011,1730,862,5250,1111,4441,117,4765,3444,6925,5920,6582,8026
367,976,6997,5112,2520,1310,5612,2401,2219,336,8032,1794,4980,1686,668,7042,8263,1460,7120,6403
368,2524,5405,4805,3498,4160,2301,1187,557,7129,6395,4116,7008,7177,642,6179,7668,95,8059,7869
369,2873,3439,3805,5716,7398,7980,3989,438,277,7800,5963,7948,8244
370,8221,4066,2601,7062,2295,656,3970,2268,5660,2092,4964,257,2501
371,198,2777,3298,4023,8110,8272,3475,5313,2348,3256,1112,342,812,7756,2421,1860,7564,781,2556,4297,3469,6195
372,1990,966,6823,1263,712,5117,1947,7022,1666,8116,5650,1035
373,2882,5382,5410,3821,6834,3621,6472,503,6223,5504,5473,3267,364,7472,491,7186,4205
374,2526,5832,834,4331,5477,5926,7417,6211,7658,1572,6100,7735
375,1164,3822,4241,6709,6603,7870,170,7306,7694,6026,630,6974,2724,1491,3173,5044,98,5614,3093,3962,2008
376,25,6354,2886,1283,1092,3794,440,3800,4885,798,8316,2740,7982,3972,7027,5061,4689,4207,409
377,5029,1223,3903,5546,7068,1784,4386,6667,2756,1367,6531,8145,7473,4463,2264
378,26,4429,3071,1061,5246,1647,1613,1256,1726,7829,4450,2414,6192,3052,7691
379,2053,4876,1300,7286,3750,562,2449,5030,4430,5048,1489,7903,6633,6710
380,8014,1057,8228,4180,5024,799,1819,6387,6957,8024,6232
381,338,1785,7222,3273,7873,5767,4697,2506,631,2725,2283,120,121,3073,5676,2366,6174,4549,1825,7500,279
382,8192,4128,339,3776,4181,7493,2719,5616,4644,3572,7799,3527,1957,6782,7232,2005,7419
383,752,579,1224,3764,993,791,835,3676,2849,4332,8118,6257,122,5907,6870,6824,1884,814,6653
384,1285,632,5195,8184,28,2527,5672,2,5334,281,1467,7028,7544
385,8015,633,5222,7649,5068,3627,2154,3868,2249,7677,2189,4999,5070,4119
386,4311,2203,3275,3960,3212,6586,3500,6983,311,37,6259,2666,1768,2614,2839,1888,5692,2254,3045,2823
387,4715,3463,7240,2303,4387,1330,5290,7436,1658,7812,5507,422,4581,2066
388,1313,4051,3766,2932,3324,1490,5475,241,6897,1968,815,5015
389,6573,6835,1616,2761,3002,3388,8294,7009,533,4460,6071,67,6622,104,2535
390,1213,2615,6422,1966,4746,4662,462,3452,4024,6196,1468,6160,827,7155
391,5728,1770,6970,6423,8229,3929,8319,321,2176,1521,4239,1398,4237,3074,5043,2029,7423,2326
392,5170,708,3798,3711,8196,4747,1722,8175,40,4410,4820,6716,2459,5763,728,7402
393,991,1231,1188,6890,3976,3736,359
394,5800,3237,6921,6298,613,4510,2304,702,6310,5876,3270,1691,1650,813,5489,3912
395,2121,5383,4307,7450,5717,2442,1073,4913,4080,4431,1246,5490,6339,7671
396,1129,2726,2914,837,1642,195,5575,3200,4026,4496,4486,390,2415,7761,4969,2947,4710,6084,6503,3198
397,3869,2711,2612,313,4556,5074,7934,6783,2987,1945,3854,520,816,1673,754,1797,7626,5771,6170,1573,2255
398,1161,6397,4100,4437,6740,2824,2785,8164,521,6208,7475,2361,2721,3767,2642,123,6525,7943,4605,1906,2578,5882,7210,2240,5241,5572,824,5939
399,2344,56,7645,1426,453,1732,2222,5883,4690,5131,4491,7180,1248,2822
400,1023,1997,4924,6116,5096,4533,1470,6239,7951,7654,5967,7439,1566,4157
401,5459,7655,6414,157,7282,748,4391,3778,4660,3257,4893,1923,5551,5213,5677,2257,1896,1448
402,3886,8057,6968,7679,1107,2978,6046,4781,369,103,6871,6635,2163,2012
403,869,5171,691,5820,3550,7156,7163,998,764,6803,3070,2181,2171,6948,2416,2167,2288,3285,4029
404,8052,3825,2610,7832,2806,5821,8092,6284,1428,7206,2073,6807,4238,6888,5836,5576,6771,5797,7597,4724,925
405,592,4183,7952,3738,7675,3163,6571,2327,3218,4049,870,6438,7758,737,464,6445,7620,6631,5652,6138,6019,3422,2258,820,1743
406,1139,6014,6108,572,629,3112,2985,6872,6932,6523,7621,2354,2375,7662,3887,1391
407,4031,5001,8250,7599,1207,1472,2667,7388,4487,6053,4107,413,6241,1733,2242
408,1140,8230,4934,7560,3934,3871,4914,2321,4137,3856,7422,1934,7529,5368,2975
409,988,634,961,6249,6971,2123,4006,182,5662,4032,242,8113,7530,7734
410,977,1625,5185,4423,191,8063,3103,1678,79,5535,5120,926
411,5951,4797,4949,5984,5476,6311,5852,5769,7801,4784,1893
412,1141,4268,1920,4534,872,1520,6047,522,1403,2875,5890,3390,783,2314,3240,5240,6754,5268,5375,5718,2378,6655,927
413,7073,1799,6648,1716,1979,905,2422,3806,5284,4424,3437,6130,7767,6154,2186,5527,495,3644,514,7326
414,3698,3689,4008,1147,3814,4323,2643,3023,4396,534,126,5339,7999,7277
415,774,7199,7744,4922,4392,7035,6185,2728,2183,5900,5492,7681,3288,1405,2074
416,199,706,8217,2434,1924,81,5318,7633,874,7262,1560,6802,2764,266,3059,4778,6656,6895,6374,1513,4034
417,3466,5386,3863,1781,5868,928,6186,5997,2403,3350,1369,6844,327
418,7080,719,2488,2214,6752,2329,4393,7167,7852,6295
419,1069,1236,1138,5340,6836,1095,1340,2909,5941,5423,183,2022,1005,4582,3314,727
420,5399,2097,7342,82,230,5238,5270,2131,3795,4902,732,6181,6301,3135,6611,6527,2164,5341,1626,1800,4856,826
421,846,2056,3948,4718,2843,6623,2735,2173,5327,8187,5770,1911,1688,5144,3214
422,965,7296,6552,2652,4194,8278,5985,7479,6309,3326,7053,83,5889,8123
423,4227,5384,5860,3883,2041,197,713,316,333,1778,4027,3180,7519,6036,8103,4290,2179,6787,3779,84
424,7369,3392,4110,2774,8019,3221,8074,1071,8154,4426,1935,6614,7358,7751,5986,7480
425,1701,1225,2687,4927,2215,5785,1708,2894,5418,1796,6077,5229,4831,6182,6889,3647,505,1599,2831,4945
426,5729,7285,4394,2844,7266,2994,6465,429,7411,8303,7630,4584,6242,7371,1416,480
427,740,2315,2554,2259,1980,6788,2637,909,4395,6580,2190,2180,2185,4348,128,1006,225,4951,5076,7947
428,8176,3801,129,236,5608,3799,5824,4285,1038,3998,910,7778,2649,4314,1453,6934,5046,59,5086,1845,866,2698
429,4693,6118,3787,3433,3669,7094,848,3330,4464,806,87
430,5159,6493,3712,1890,3575,1779,6410,2708,5004,3769,566,7866,3131,2418,3706,161,4751,7316,1937,2511,430,7547
431,6203,7280,2639,1554,841,4144,4121,3950,1183,1584,2766,3136,6202,3846,5124,2709,7929
432,7255,5360,4928,842,951,715,2650,2234,2927,2481,4776,7052,5462,4886,4634,5669,4462,3951,7923
433,2136,620,3039,4042,3699,4075,5092,2450,6817,978,524,406,7095,7225,4904,6755,6050,5345
434,2928,880,6810,3860,7656,6456,7672,3303,6575,6043,4021,287,3849,8281,4601,2332,6779,1999,5839,2670,7502,5915,5300
435,4326,5585,2730,3394,3377,3861,5840,2451,1734,1275,1865,7898,1361,1885,3741,5346,5646
436,2903,2333,4538,2124,206,4825,1961,5078,7352,1869,6148,3358,6255
437,1176,1831,5954,3603,2380,7664,381,7745,6363,482
438,2525,4271,2810,5719,8166,1695,6942,2111,5512,1576,3817
439,4296,5353,6994,7665,1130,1735,3101,6466,7740,6759,2020,5923,2800,3650,7879
440,994,4165,4703,3831,3833,7719,7361,4675,7806,4516,5727,3362,7746,5877,1394,7958
441,3717,2961,3596,3908,1064,178,1892,6349,5949,7348,2769,7802,2640,4197,382,7845,5513,2082,4915,5349,2084,1721,2671,5914,5817
442,3782,2787,6867,4539,4888,6764,3485,6467,6385,3539,3067,1593,1249,7181,8326,5090,6353
443,4175,5216,2125,3617,5577,446,6958,2856,245,5894,4113,4397,6247
444,2659,2733,3493,314,131,4650,1196,4552,7959,1981,4727,5453,2079,3125,2172,1500,3089,7699,2581,5243,7565,2954,6401,849,2677,807,3981,822
445,2929,7969,5258,1074,6650,6113,7962,8008,3192,395,5188,6517,1766,4666,2398,2500
446,1789,4679,4681,3953,4939,5098,2930,2539,6910,5328,7108,5253,3891,1661,6621
447,6581,2317,5720,3417,5202,3337,6227,5787,2409,3983
448,3758,1269,750,7881,2270,790,4827,2703,3677,378,4114,7741,2187,1419,7823,367,5134,293,4398,1383
449,5392,1097,599,4535,3254,2770,4933,6380,6314,8179,5971,372,6318,1654
450,8041,857,3432,5721,262,7208,7025,490,5481
451,147,4150,709,3751,5285,2528,734,7017,1386,2161,4940
452,3386,7960,2962,46,554,4536,4289,3875,3111,3222,1595,6033,6801,7045,6132,494,294,6243,4882,7007
453,4363,5255,3483,4532,3802,1492,5934,7683,508,3892,5566,1916
454,5256,5940,5018,8155,148,6169,179,1674
455,1348,3921,3940,6536,8022,7176,7137,5989,3183,309,3876,7908,7918,2834,7843,4428,3567,5343,7561,1029,2410,2799,5878
456,1628,5401,4012,310,5925,416,1377,6315,373,189,7970
457,6270,780,1983,3119,3746,467,4147,3091,4444,5749,328,1664,3025
458,555,8004,5743,7227,4458,5722,4002,1967,7584,6685,4609,7661,6953,4602,1977,4642,1724,4667,2235,4837,3092,2146,2143,6237,7689
459,6437,7454,7169,7391,3011,5027,5192,7729,6651,8127,8325,4438
460,3543,7585,1331,444,3333,6447,7523,435,2681
461,7932,887,5110,6017,4094,6652,4905,1790,3247,1125,4906,5278,6183,5659,6734,7196,3895
462,2200,3837,4086,4678,952,8181,3865,5570,5528,417,111,5495,2532,4637,2188,74
463,1143,7287,3637,3773,134,6748,5561,2138,3941,329,528,1363,2583,1954,8248,8087,860,2496,7684,6213,477
464,796,3907,2217,7174,2603,1076,8239,3028,1344,2924,7634,5872,114,3761,5487,3926,2530,2503
465,1702,7064,770,5175,1077,7050,2218,7867,2383,2001,6060,7524,6986,7954,297,92,7586
466,2964,4399,4123,3788,6276,8088,2618,3261,4777,6591,725,3064,2017,3897,3859
467,6167,2898,6767,3238,2482,8121,5521,7685,1486,6055,5759,2801,3083,7837
468,1807,4898,8167,5578,5283,1612,190,2633,1099,1502,1932,5619,2151,4857,5846,5764,1972,2099,5801,7427
469,4018,3765,140,949,3127,2567,6816,5753,2518,810,3985,7467,5482,8002,5367
470,1437,3341,1090,7377,5590,6411,2636,4004,2840,941,5854,7375,7019,6015,7495,7826
471,623,2738,4654,3295,399,5053,1198,6003,7265,1851,4986,5802,7796,2919,3624,3319,4770,2042,7220,5306,6773,1100
472,1086,1085,2966,8091,3133,1636,6172,5009,3920,5865,124,8246,298,3078,4060,418,7428
473,6850,2293,2651,7723,3579,5723,5371,7553,5681,4279,1333,4115,6156,5206,3170,6448,7273,1570,3426,7409,2515,2791
474,8095,469,8253,5394,5442,698,2701,8012,6730,6184,7690,7040,5679,1393,419
475,5356,777,6262,4284,852,6433,4892,3227,8042,2702,1863,6126,3271,1907,7902,7895,936,1295
476,3249,1162,3683,6763,3612,6008,5215,7940,6221,3099,7048
477,2050,3591,2613,5308,3037,4215,3830,4789,7622,3816,1670
478,891,742,901,4729,3457,3835,4742,1350,6111,940,4687,2768,4229,3040
479,331,7819,3296,3033,7718,7774,3852,7554,892,2870,3724,7168,7334,7252,7331,1707,861,6566,1822,1242,5879,4998
480,2860,212,8225,5957,2904,3243,4509,7588,2997,5587,2696,3986,3657,4439,363,8270
481,626,1922,3129,4415,3360,1527,4848,7732,6189,8043,6973,7354,4730,2691,3034,4400,7991,3193,2753,1745,2758
482,2277,769,4806,2848,5168,666,1783,1066,6297,3899,1494,1101,6090,3297,3281
483,5162,6500,3229,7589,2272,8207,3106,3381,4418,8168,7236,1493,1506,1475,4222,3653
484,2213,5675,7345,2854,7249,7590,7939,6887,4622,1255,5919,4849,7432,1116,2957,5105
485,214,2826,256,4340,2325,5564,2888,4721,5724,5358,1447,4590,7431,7754,4223,4840,6587,638,8108,2043,1380
486,1279,3763,2120,4808,4158,4401,7611,3194,6370,5643,5252,2363,3674
487,3927,609,1874,7977,3454,7202,4929,5359,819,5932,7966,203,3620,778,5991,7128,437,3562,5083,7161,3988,1477,4953,2692
488,2585,4641,8044,6599,3680,1855,180,4656,6617,6061,5665,2160,8133
489,1349,8191,2330,3581,2300,628,3632,3195,3412,6742,3041,2365,1529
490,1816,2863,3820,3398,4050,1345,4187,3754,7448,3098,4956,8006,517
491,1205,3490,116,4283,3367,1568,6045,2071,1466,6821,3958,2582,1134,6677,5550,8001,4810,7067,5937,2394,1741,3968
492,1544,1053,3368,896,4416,2282,7595,1988,1787,641,6893,1422,735,3209,7535,3172,4722
493,797,3429,1280,7189,1587,5621,3196,7469,6978,3726,2114,7839,4870
494,4310,6426,2597,2864,7085,4890,6049,5404,758,7209,5649,7032,4047,1531,3266,811,5655,7885,7415,7972
495,5002,1044,1601,301,1548,1989,2000,5523,5603,8216,5483,2804,7688
496,3544,4811,5361,6593,2555,669,4942,5312,944,7368,3625,4434,7536,6041,6058,3352,2837,1017,4508,6738
497,4707,5163,7435,3399,1974,1946,460,5571,3945,6194,4621,7993,544,4766
498,5275,4133,2209,4010,3346,219,2757,4209,2168,6383,3084,7795,5788,7990
499,4282,6153,559,3902,7930,899,3797,945,4755,2755,5906,6901,325,1764
500,1806,6341,4299,3379,7305,4875,5533,5994,2413,3845,4785,4555,4615
501,5064,1817,6351,1824,5398,2654,3658,688,7043,4526,6845
502,2331,3470,8302,3605,5363,5133,6352,8255,383,2385,6443,3353,4490,6323,3188,4342,8025
503,1622,1423,1268,973,6468,760,4813,1354,5592,7380,78,7556,516
504,7573,4577,3595,7615,302,3107,5156,6689,4495,3536,920,7702
505,6547,319,578,4161,3748,4696,8165,6502,1697,6075,6557,6702,6459,6252,6000,2104
506,4714,6758,787,1209,3749,4750,5581,953,1853,7056,4070,4756,1371,1105,1687,1871,7927,4220
507,3904,7281,4071,8215,7152,6722,3006,278,1837,4531,2505,4866,3189,3990,2878,7861,6938,3462,7370,6561,2096,1451
508,902,4704,2544,5928,788,4402,1933,3973,4259,2004,2605,2531,1414,6246
509,2089,1145,7490,1075,1239,5203,6492,2838,921,4604,1479,1699
510,2648,6273,4067,3774,6460,7904,7616,7950,4709,518,5754,1677,1902,5040
511,3557,1588,27,5111,7079,947,7344,6647,4877,7260,1298,5689,6894,7462,3310,7401,2977,3528,7574
